Numéro|Nom de Page|Lien image|Largeur|Longueur
f1|plat supérieur|https://gallica.bnf.fr/iiif/ark:/12148/btv1b84259980/canvas/f1|4170|5707
f2|contreplat sup.|https://gallica.bnf.fr/iiif/ark:/12148/btv1b84259980/canvas/f2|4104|5704
f3|page de garde recto|https://gallica.bnf.fr/iiif/ark:/12148/btv1b84259980/canvas/f3|3927|5591
f4|page de garde verso|https://gallica.bnf.fr/iiif/ark:/12148/btv1b84259980/canvas/f4|4037|5641
f5|page de garde recto|https://gallica.bnf.fr/iiif/ark:/12148/btv1b84259980/canvas/f5|3927|5591
f6|page de garde verso|https://gallica.bnf.fr/iiif/ark:/12148/btv1b84259980/canvas/f6|4037|5641
f7|page de garde recto|https://gallica.bnf.fr/iiif/ark:/12148/btv1b84259980/canvas/f7|3927|5591
f8|page de garde verso|https://gallica.bnf.fr/iiif/ark:/12148/btv1b84259980/canvas/f8|4025|5641
f9|page de garde recto|https://gallica.bnf.fr/iiif/ark:/12148/btv1b84259980/canvas/f9|3907|5521
f10|page de garde verso|https://gallica.bnf.fr/iiif/ark:/12148/btv1b84259980/canvas/f10|4025|5584
f11|1r|https://gallica.bnf.fr/iiif/ark:/12148/btv1b84259980/canvas/f11|3816|5521
f12|1v|https://gallica.bnf.fr/iiif/ark:/12148/btv1b84259980/canvas/f12|3872|5592
f13|2r|https://gallica.bnf.fr/iiif/ark:/12148/btv1b84259980/canvas/f13|3820|5550
f14|2v|https://gallica.bnf.fr/iiif/ark:/12148/btv1b84259980/canvas/f14|3872|5592
f15|3r|https://gallica.bnf.fr/iiif/ark:/12148/btv1b84259980/canvas/f15|3820|5550
f16|3v|https://gallica.bnf.fr/iiif/ark:/12148/btv1b84259980/canvas/f16|3904|5656
f17|4r|https://gallica.bnf.fr/iiif/ark:/12148/btv1b84259980/canvas/f17|3820|5550
f18|4v|https://gallica.bnf.fr/iiif/ark:/12148/btv1b84259980/canvas/f18|3892|5656
f19|5r|https://gallica.bnf.fr/iiif/ark:/12148/btv1b84259980/canvas/f19|3820|5535
f20|5v|https://gallica.bnf.fr/iiif/ark:/12148/btv1b84259980/canvas/f20|3904|5640
f21|6r|https://gallica.bnf.fr/iiif/ark:/12148/btv1b84259980/canvas/f21|3805|5535
f22|6v|https://gallica.bnf.fr/iiif/ark:/12148/btv1b84259980/canvas/f22|3904|5640
f23|7r|https://gallica.bnf.fr/iiif/ark:/12148/btv1b84259980/canvas/f23|3805|5535
f24|7v|https://gallica.bnf.fr/iiif/ark:/12148/btv1b84259980/canvas/f24|3889|5640
f25|8r|https://gallica.bnf.fr/iiif/ark:/12148/btv1b84259980/canvas/f25|3805|5535
f26|8v|https://gallica.bnf.fr/iiif/ark:/12148/btv1b84259980/canvas/f26|3889|5640
f27|9r|https://gallica.bnf.fr/iiif/ark:/12148/btv1b84259980/canvas/f27|3805|5535
f28|9v|https://gallica.bnf.fr/iiif/ark:/12148/btv1b84259980/canvas/f28|3873|5640
f29|10r|https://gallica.bnf.fr/iiif/ark:/12148/btv1b84259980/canvas/f29|3831|5535
f30|10v|https://gallica.bnf.fr/iiif/ark:/12148/btv1b84259980/canvas/f30|3873|5640
f31|11r|https://gallica.bnf.fr/iiif/ark:/12148/btv1b84259980/canvas/f31|3831|5547
f32|11v|https://gallica.bnf.fr/iiif/ark:/12148/btv1b84259980/canvas/f32|3873|5640
f33|12r|https://gallica.bnf.fr/iiif/ark:/12148/btv1b84259980/canvas/f33|3831|5547
f34|12v|https://gallica.bnf.fr/iiif/ark:/12148/btv1b84259980/canvas/f34|3848|5640
f35|13r|https://gallica.bnf.fr/iiif/ark:/12148/btv1b84259980/canvas/f35|3831|5553
f36|13v|https://gallica.bnf.fr/iiif/ark:/12148/btv1b84259980/canvas/f36|3873|5640
f37|14r|https://gallica.bnf.fr/iiif/ark:/12148/btv1b84259980/canvas/f37|3817|5547
f38|14v|https://gallica.bnf.fr/iiif/ark:/12148/btv1b84259980/canvas/f38|3825|5640
f39|15r|https://gallica.bnf.fr/iiif/ark:/12148/btv1b84259980/canvas/f39|3817|5535
f40|15v|https://gallica.bnf.fr/iiif/ark:/12148/btv1b84259980/canvas/f40|3842|5640
f41|16r|https://gallica.bnf.fr/iiif/ark:/12148/btv1b84259980/canvas/f41|3798|5535
f42|16v|https://gallica.bnf.fr/iiif/ark:/12148/btv1b84259980/canvas/f42|3842|5640
f43|17r|https://gallica.bnf.fr/iiif/ark:/12148/btv1b84259980/canvas/f43|3798|5535
f44|17v|https://gallica.bnf.fr/iiif/ark:/12148/btv1b84259980/canvas/f44|3836|5640
f45|18r|https://gallica.bnf.fr/iiif/ark:/12148/btv1b84259980/canvas/f45|3799|5535
f46|18v|https://gallica.bnf.fr/iiif/ark:/12148/btv1b84259980/canvas/f46|3836|5640
f47|19r|https://gallica.bnf.fr/iiif/ark:/12148/btv1b84259980/canvas/f47|3835|5590
f48|19v|https://gallica.bnf.fr/iiif/ark:/12148/btv1b84259980/canvas/f48|3869|5640
f49|20r|https://gallica.bnf.fr/iiif/ark:/12148/btv1b84259980/canvas/f49|3835|5590
f50|20v|https://gallica.bnf.fr/iiif/ark:/12148/btv1b84259980/canvas/f50|3869|5640
f51|21r|https://gallica.bnf.fr/iiif/ark:/12148/btv1b84259980/canvas/f51|3835|5590
f52|21v|https://gallica.bnf.fr/iiif/ark:/12148/btv1b84259980/canvas/f52|3823|5606
f53|22r|https://gallica.bnf.fr/iiif/ark:/12148/btv1b84259980/canvas/f53|3835|5590
f54|22v|https://gallica.bnf.fr/iiif/ark:/12148/btv1b84259980/canvas/f54|3797|5606
f55|23r|https://gallica.bnf.fr/iiif/ark:/12148/btv1b84259980/canvas/f55|3835|5590
f56|23v|https://gallica.bnf.fr/iiif/ark:/12148/btv1b84259980/canvas/f56|3806|5606
f57|24r|https://gallica.bnf.fr/iiif/ark:/12148/btv1b84259980/canvas/f57|3809|5590
f58|24v|https://gallica.bnf.fr/iiif/ark:/12148/btv1b84259980/canvas/f58|3806|5606
f59|25r|https://gallica.bnf.fr/iiif/ark:/12148/btv1b84259980/canvas/f59|3809|5590
f60|25v|https://gallica.bnf.fr/iiif/ark:/12148/btv1b84259980/canvas/f60|3867|5589
f61|26r|https://gallica.bnf.fr/iiif/ark:/12148/btv1b84259980/canvas/f61|3792|5576
f62|26v|https://gallica.bnf.fr/iiif/ark:/12148/btv1b84259980/canvas/f62|3842|5589
f63|27r|https://gallica.bnf.fr/iiif/ark:/12148/btv1b84259980/canvas/f63|3792|5591
f64|27v|https://gallica.bnf.fr/iiif/ark:/12148/btv1b84259980/canvas/f64|3793|5606
f65|28r|https://gallica.bnf.fr/iiif/ark:/12148/btv1b84259980/canvas/f65|3792|5599
f66|28v|https://gallica.bnf.fr/iiif/ark:/12148/btv1b84259980/canvas/f66|3816|5606
f67|29r|https://gallica.bnf.fr/iiif/ark:/12148/btv1b84259980/canvas/f67|3829|5599
f68|29v|https://gallica.bnf.fr/iiif/ark:/12148/btv1b84259980/canvas/f68|3830|5606
f69|30r|https://gallica.bnf.fr/iiif/ark:/12148/btv1b84259980/canvas/f69|3829|5599
f70|30v|https://gallica.bnf.fr/iiif/ark:/12148/btv1b84259980/canvas/f70|3808|5606
f71|31r|https://gallica.bnf.fr/iiif/ark:/12148/btv1b84259980/canvas/f71|3829|5599
f72|31v|https://gallica.bnf.fr/iiif/ark:/12148/btv1b84259980/canvas/f72|3808|5606
f73|32r|https://gallica.bnf.fr/iiif/ark:/12148/btv1b84259980/canvas/f73|3829|5599
f74|32v|https://gallica.bnf.fr/iiif/ark:/12148/btv1b84259980/canvas/f74|3808|5606
f75|33r|https://gallica.bnf.fr/iiif/ark:/12148/btv1b84259980/canvas/f75|3792|5596
f76|33v|https://gallica.bnf.fr/iiif/ark:/12148/btv1b84259980/canvas/f76|3808|5606
f77|34r|https://gallica.bnf.fr/iiif/ark:/12148/btv1b84259980/canvas/f77|3792|5596
f78|34v|https://gallica.bnf.fr/iiif/ark:/12148/btv1b84259980/canvas/f78|3840|5600
f79|35r|https://gallica.bnf.fr/iiif/ark:/12148/btv1b84259980/canvas/f79|3837|5651
f80|35v|https://gallica.bnf.fr/iiif/ark:/12148/btv1b84259980/canvas/f80|3840|5600
f81|36r|https://gallica.bnf.fr/iiif/ark:/12148/btv1b84259980/canvas/f81|3837|5651
f82|36v|https://gallica.bnf.fr/iiif/ark:/12148/btv1b84259980/canvas/f82|3840|5600
f83|37r|https://gallica.bnf.fr/iiif/ark:/12148/btv1b84259980/canvas/f83|3852|5651
f84|37v|https://gallica.bnf.fr/iiif/ark:/12148/btv1b84259980/canvas/f84|3840|5600
f85|38r|https://gallica.bnf.fr/iiif/ark:/12148/btv1b84259980/canvas/f85|3835|5651
f86|38v|https://gallica.bnf.fr/iiif/ark:/12148/btv1b84259980/canvas/f86|3809|5600
f87|39r|https://gallica.bnf.fr/iiif/ark:/12148/btv1b84259980/canvas/f87|3835|5651
f88|39v|https://gallica.bnf.fr/iiif/ark:/12148/btv1b84259980/canvas/f88|3809|5600
f89|40r|https://gallica.bnf.fr/iiif/ark:/12148/btv1b84259980/canvas/f89|3818|5651
f90|40v|https://gallica.bnf.fr/iiif/ark:/12148/btv1b84259980/canvas/f90|3809|5600
f91|41r|https://gallica.bnf.fr/iiif/ark:/12148/btv1b84259980/canvas/f91|3818|5651
f92|41v|https://gallica.bnf.fr/iiif/ark:/12148/btv1b84259980/canvas/f92|3809|5616
f93|42r|https://gallica.bnf.fr/iiif/ark:/12148/btv1b84259980/canvas/f93|3818|5651
f94|42v|https://gallica.bnf.fr/iiif/ark:/12148/btv1b84259980/canvas/f94|3809|5616
f95|43r|https://gallica.bnf.fr/iiif/ark:/12148/btv1b84259980/canvas/f95|3818|5651
f96|43v|https://gallica.bnf.fr/iiif/ark:/12148/btv1b84259980/canvas/f96|3831|5616
f97|44r|https://gallica.bnf.fr/iiif/ark:/12148/btv1b84259980/canvas/f97|3836|5636
f98|44v|https://gallica.bnf.fr/iiif/ark:/12148/btv1b84259980/canvas/f98|3823|5616
f99|45r|https://gallica.bnf.fr/iiif/ark:/12148/btv1b84259980/canvas/f99|3836|5636
f100|45v|https://gallica.bnf.fr/iiif/ark:/12148/btv1b84259980/canvas/f100|3797|5616
f101|46r|https://gallica.bnf.fr/iiif/ark:/12148/btv1b84259980/canvas/f101|3883|5636
f102|46v|https://gallica.bnf.fr/iiif/ark:/12148/btv1b84259980/canvas/f102|3805|5616
f103|47r|https://gallica.bnf.fr/iiif/ark:/12148/btv1b84259980/canvas/f103|3883|5636
f104|47v|https://gallica.bnf.fr/iiif/ark:/12148/btv1b84259980/canvas/f104|3805|5616
f105|48r|https://gallica.bnf.fr/iiif/ark:/12148/btv1b84259980/canvas/f105|3883|5636
f106|48v|https://gallica.bnf.fr/iiif/ark:/12148/btv1b84259980/canvas/f106|3805|5616
f107|49r|https://gallica.bnf.fr/iiif/ark:/12148/btv1b84259980/canvas/f107|3860|5647
f108|49v|https://gallica.bnf.fr/iiif/ark:/12148/btv1b84259980/canvas/f108|3808|5634
f109|50r|https://gallica.bnf.fr/iiif/ark:/12148/btv1b84259980/canvas/f109|3860|5647
f110|50v|https://gallica.bnf.fr/iiif/ark:/12148/btv1b84259980/canvas/f110|3853|5634
f111|51r|https://gallica.bnf.fr/iiif/ark:/12148/btv1b84259980/canvas/f111|3860|5647
f112|51v|https://gallica.bnf.fr/iiif/ark:/12148/btv1b84259980/canvas/f112|3805|5634
f113|52r|https://gallica.bnf.fr/iiif/ark:/12148/btv1b84259980/canvas/f113|3860|5647
f114|52v|https://gallica.bnf.fr/iiif/ark:/12148/btv1b84259980/canvas/f114|3805|5634
f115|53r|https://gallica.bnf.fr/iiif/ark:/12148/btv1b84259980/canvas/f115|3860|5647
f116|53v|https://gallica.bnf.fr/iiif/ark:/12148/btv1b84259980/canvas/f116|3805|5634
f117|54r|https://gallica.bnf.fr/iiif/ark:/12148/btv1b84259980/canvas/f117|3860|5647
f118|54v|https://gallica.bnf.fr/iiif/ark:/12148/btv1b84259980/canvas/f118|3805|5634
f119|55r|https://gallica.bnf.fr/iiif/ark:/12148/btv1b84259980/canvas/f119|3818|5647
f120|55v|https://gallica.bnf.fr/iiif/ark:/12148/btv1b84259980/canvas/f120|3805|5634
f121|56r|https://gallica.bnf.fr/iiif/ark:/12148/btv1b84259980/canvas/f121|3818|5647
f122|56v|https://gallica.bnf.fr/iiif/ark:/12148/btv1b84259980/canvas/f122|3805|5621
f123|57r|https://gallica.bnf.fr/iiif/ark:/12148/btv1b84259980/canvas/f123|3843|5647
f124|57v|https://gallica.bnf.fr/iiif/ark:/12148/btv1b84259980/canvas/f124|3792|5590
f125|58r|https://gallica.bnf.fr/iiif/ark:/12148/btv1b84259980/canvas/f125|3843|5647
f126|58v|https://gallica.bnf.fr/iiif/ark:/12148/btv1b84259980/canvas/f126|3793|5590
f127|59r|https://gallica.bnf.fr/iiif/ark:/12148/btv1b84259980/canvas/f127|3843|5647
f128|59v|https://gallica.bnf.fr/iiif/ark:/12148/btv1b84259980/canvas/f128|3800|5605
f129|60r|https://gallica.bnf.fr/iiif/ark:/12148/btv1b84259980/canvas/f129|3820|5647
f130|60v|https://gallica.bnf.fr/iiif/ark:/12148/btv1b84259980/canvas/f130|3800|5605
f131|61r|https://gallica.bnf.fr/iiif/ark:/12148/btv1b84259980/canvas/f131|3820|5647
f132|61v|https://gallica.bnf.fr/iiif/ark:/12148/btv1b84259980/canvas/f132|3813|5605
f133|62r|https://gallica.bnf.fr/iiif/ark:/12148/btv1b84259980/canvas/f133|3837|5647
f134|62v|https://gallica.bnf.fr/iiif/ark:/12148/btv1b84259980/canvas/f134|3813|5605
f135|63r|https://gallica.bnf.fr/iiif/ark:/12148/btv1b84259980/canvas/f135|3822|5647
f136|63v|https://gallica.bnf.fr/iiif/ark:/12148/btv1b84259980/canvas/f136|3813|5605
f137|64r|https://gallica.bnf.fr/iiif/ark:/12148/btv1b84259980/canvas/f137|3798|5647
f138|64v|https://gallica.bnf.fr/iiif/ark:/12148/btv1b84259980/canvas/f138|3757|5630
f139|65r|https://gallica.bnf.fr/iiif/ark:/12148/btv1b84259980/canvas/f139|3807|5635
f140|65v|https://gallica.bnf.fr/iiif/ark:/12148/btv1b84259980/canvas/f140|3757|5630
f141|66r|https://gallica.bnf.fr/iiif/ark:/12148/btv1b84259980/canvas/f141|3807|5635
f142|66v|https://gallica.bnf.fr/iiif/ark:/12148/btv1b84259980/canvas/f142|3850|5615
f143|67r|https://gallica.bnf.fr/iiif/ark:/12148/btv1b84259980/canvas/f143|3807|5635
f144|67v|https://gallica.bnf.fr/iiif/ark:/12148/btv1b84259980/canvas/f144|3788|5624
f145|68r|https://gallica.bnf.fr/iiif/ark:/12148/btv1b84259980/canvas/f145|3816|5635
f146|68v|https://gallica.bnf.fr/iiif/ark:/12148/btv1b84259980/canvas/f146|3780|5624
f147|69r|https://gallica.bnf.fr/iiif/ark:/12148/btv1b84259980/canvas/f147|3801|5595
f148|69v|https://gallica.bnf.fr/iiif/ark:/12148/btv1b84259980/canvas/f148|3780|5624
f149|70r|https://gallica.bnf.fr/iiif/ark:/12148/btv1b84259980/canvas/f149|3801|5595
f150|70v|https://gallica.bnf.fr/iiif/ark:/12148/btv1b84259980/canvas/f150|3827|5641
f151|71r|https://gallica.bnf.fr/iiif/ark:/12148/btv1b84259980/canvas/f151|3828|5621
f152|71v|https://gallica.bnf.fr/iiif/ark:/12148/btv1b84259980/canvas/f152|3854|5641
f153|72r|https://gallica.bnf.fr/iiif/ark:/12148/btv1b84259980/canvas/f153|3828|5621
f154|72v|https://gallica.bnf.fr/iiif/ark:/12148/btv1b84259980/canvas/f154|3854|5641
f155|73r|https://gallica.bnf.fr/iiif/ark:/12148/btv1b84259980/canvas/f155|3793|5621
f156|73v|https://gallica.bnf.fr/iiif/ark:/12148/btv1b84259980/canvas/f156|3854|5641
f157|74r|https://gallica.bnf.fr/iiif/ark:/12148/btv1b84259980/canvas/f157|3785|5621
f158|74v|https://gallica.bnf.fr/iiif/ark:/12148/btv1b84259980/canvas/f158|3821|5641
f159|75r|https://gallica.bnf.fr/iiif/ark:/12148/btv1b84259980/canvas/f159|3785|5621
f160|75v|https://gallica.bnf.fr/iiif/ark:/12148/btv1b84259980/canvas/f160|3821|5641
f161|76r|https://gallica.bnf.fr/iiif/ark:/12148/btv1b84259980/canvas/f161|3748|5621
f162|76v|https://gallica.bnf.fr/iiif/ark:/12148/btv1b84259980/canvas/f162|3786|5620
f163|77r|https://gallica.bnf.fr/iiif/ark:/12148/btv1b84259980/canvas/f163|3817|5621
f164|77v|https://gallica.bnf.fr/iiif/ark:/12148/btv1b84259980/canvas/f164|3828|5620
f165|78r|https://gallica.bnf.fr/iiif/ark:/12148/btv1b84259980/canvas/f165|3804|5621
f166|78v|https://gallica.bnf.fr/iiif/ark:/12148/btv1b84259980/canvas/f166|3828|5620
f167|79r|https://gallica.bnf.fr/iiif/ark:/12148/btv1b84259980/canvas/f167|3857|5646
f168|79v|https://gallica.bnf.fr/iiif/ark:/12148/btv1b84259980/canvas/f168|3828|5620
f169|80r|https://gallica.bnf.fr/iiif/ark:/12148/btv1b84259980/canvas/f169|3857|5646
f170|80v|https://gallica.bnf.fr/iiif/ark:/12148/btv1b84259980/canvas/f170|3828|5620
f171|81r|https://gallica.bnf.fr/iiif/ark:/12148/btv1b84259980/canvas/f171|3857|5646
f172|81v|https://gallica.bnf.fr/iiif/ark:/12148/btv1b84259980/canvas/f172|3828|5620
f173|82r|https://gallica.bnf.fr/iiif/ark:/12148/btv1b84259980/canvas/f173|3844|5646
f174|82v|https://gallica.bnf.fr/iiif/ark:/12148/btv1b84259980/canvas/f174|3828|5620
f175|83r|https://gallica.bnf.fr/iiif/ark:/12148/btv1b84259980/canvas/f175|3836|5646
f176|83v|https://gallica.bnf.fr/iiif/ark:/12148/btv1b84259980/canvas/f176|3792|5624
f177|84r|https://gallica.bnf.fr/iiif/ark:/12148/btv1b84259980/canvas/f177|3836|5646
f178|84v|https://gallica.bnf.fr/iiif/ark:/12148/btv1b84259980/canvas/f178|3800|5608
f179|85r|https://gallica.bnf.fr/iiif/ark:/12148/btv1b84259980/canvas/f179|3836|5646
f180|85v|https://gallica.bnf.fr/iiif/ark:/12148/btv1b84259980/canvas/f180|3835|5600
f181|86r|https://gallica.bnf.fr/iiif/ark:/12148/btv1b84259980/canvas/f181|3836|5646
f182|86v|https://gallica.bnf.fr/iiif/ark:/12148/btv1b84259980/canvas/f182|3808|5632
f183|87r|https://gallica.bnf.fr/iiif/ark:/12148/btv1b84259980/canvas/f183|3810|5617
f184|87v|https://gallica.bnf.fr/iiif/ark:/12148/btv1b84259980/canvas/f184|3803|5616
f185|88r|https://gallica.bnf.fr/iiif/ark:/12148/btv1b84259980/canvas/f185|3825|5652
f186|88v|https://gallica.bnf.fr/iiif/ark:/12148/btv1b84259980/canvas/f186|3803|5616
f187|89r|https://gallica.bnf.fr/iiif/ark:/12148/btv1b84259980/canvas/f187|3852|5652
f188|89v|https://gallica.bnf.fr/iiif/ark:/12148/btv1b84259980/canvas/f188|3803|5616
f189|90r|https://gallica.bnf.fr/iiif/ark:/12148/btv1b84259980/canvas/f189|3825|5652
f190|90v|https://gallica.bnf.fr/iiif/ark:/12148/btv1b84259980/canvas/f190|3803|5616
f191|91r|https://gallica.bnf.fr/iiif/ark:/12148/btv1b84259980/canvas/f191|3825|5652
f192|91v|https://gallica.bnf.fr/iiif/ark:/12148/btv1b84259980/canvas/f192|3803|5616
f193|92r|https://gallica.bnf.fr/iiif/ark:/12148/btv1b84259980/canvas/f193|3825|5652
f194|92v|https://gallica.bnf.fr/iiif/ark:/12148/btv1b84259980/canvas/f194|3803|5616
f195|93r|https://gallica.bnf.fr/iiif/ark:/12148/btv1b84259980/canvas/f195|3844|5652
f196|93v|https://gallica.bnf.fr/iiif/ark:/12148/btv1b84259980/canvas/f196|3772|5616
f197|94r|https://gallica.bnf.fr/iiif/ark:/12148/btv1b84259980/canvas/f197|3821|5652
f198|94v|https://gallica.bnf.fr/iiif/ark:/12148/btv1b84259980/canvas/f198|3775|5616
f199|95r|https://gallica.bnf.fr/iiif/ark:/12148/btv1b84259980/canvas/f199|3838|5634
f200|95v|https://gallica.bnf.fr/iiif/ark:/12148/btv1b84259980/canvas/f200|3752|5597
f201|96r|https://gallica.bnf.fr/iiif/ark:/12148/btv1b84259980/canvas/f201|3838|5634
f202|96v|https://gallica.bnf.fr/iiif/ark:/12148/btv1b84259980/canvas/f202|3832|5584
f203|97r|https://gallica.bnf.fr/iiif/ark:/12148/btv1b84259980/canvas/f203|3838|5634
f204|97v|https://gallica.bnf.fr/iiif/ark:/12148/btv1b84259980/canvas/f204|3832|5584
f205|98r|https://gallica.bnf.fr/iiif/ark:/12148/btv1b84259980/canvas/f205|3838|5634
f206|98v|https://gallica.bnf.fr/iiif/ark:/12148/btv1b84259980/canvas/f206|3832|5584
f207|99r|https://gallica.bnf.fr/iiif/ark:/12148/btv1b84259980/canvas/f207|3807|5634
f208|99v|https://gallica.bnf.fr/iiif/ark:/12148/btv1b84259980/canvas/f208|3832|5584
f209|100r|https://gallica.bnf.fr/iiif/ark:/12148/btv1b84259980/canvas/f209|3807|5634
f210|100v|https://gallica.bnf.fr/iiif/ark:/12148/btv1b84259980/canvas/f210|3832|5584
f211|101r|https://gallica.bnf.fr/iiif/ark:/12148/btv1b84259980/canvas/f211|3807|5634
f212|101v|https://gallica.bnf.fr/iiif/ark:/12148/btv1b84259980/canvas/f212|3832|5584
f213|102r|https://gallica.bnf.fr/iiif/ark:/12148/btv1b84259980/canvas/f213|3807|5634
f214|102v|https://gallica.bnf.fr/iiif/ark:/12148/btv1b84259980/canvas/f214|3832|5584
f215|103r|https://gallica.bnf.fr/iiif/ark:/12148/btv1b84259980/canvas/f215|3812|5634
f216|103v|https://gallica.bnf.fr/iiif/ark:/12148/btv1b84259980/canvas/f216|3832|5584
f217|104r|https://gallica.bnf.fr/iiif/ark:/12148/btv1b84259980/canvas/f217|3812|5634
f218|104v|https://gallica.bnf.fr/iiif/ark:/12148/btv1b84259980/canvas/f218|3832|5584
f219|105r|https://gallica.bnf.fr/iiif/ark:/12148/btv1b84259980/canvas/f219|3812|5634
f220|105v|https://gallica.bnf.fr/iiif/ark:/12148/btv1b84259980/canvas/f220|3832|5584
f221|106r|https://gallica.bnf.fr/iiif/ark:/12148/btv1b84259980/canvas/f221|3812|5634
f222|106v|https://gallica.bnf.fr/iiif/ark:/12148/btv1b84259980/canvas/f222|3832|5592
f223|107r|https://gallica.bnf.fr/iiif/ark:/12148/btv1b84259980/canvas/f223|3857|5678
f224|107v|https://gallica.bnf.fr/iiif/ark:/12148/btv1b84259980/canvas/f224|3832|5592
f225|108r|https://gallica.bnf.fr/iiif/ark:/12148/btv1b84259980/canvas/f225|3857|5678
f226|108v|https://gallica.bnf.fr/iiif/ark:/12148/btv1b84259980/canvas/f226|3832|5592
f227|109r|https://gallica.bnf.fr/iiif/ark:/12148/btv1b84259980/canvas/f227|3857|5678
f228|109v|https://gallica.bnf.fr/iiif/ark:/12148/btv1b84259980/canvas/f228|3857|5592
f229|110r|https://gallica.bnf.fr/iiif/ark:/12148/btv1b84259980/canvas/f229|3857|5678
f230|110v|https://gallica.bnf.fr/iiif/ark:/12148/btv1b84259980/canvas/f230|3825|5616
f231|111r|https://gallica.bnf.fr/iiif/ark:/12148/btv1b84259980/canvas/f231|3857|5655
f232|111v|https://gallica.bnf.fr/iiif/ark:/12148/btv1b84259980/canvas/f232|3825|5616
f233|112r|https://gallica.bnf.fr/iiif/ark:/12148/btv1b84259980/canvas/f233|3857|5672
f234|112v|https://gallica.bnf.fr/iiif/ark:/12148/btv1b84259980/canvas/f234|3825|5616
f235|113r|https://gallica.bnf.fr/iiif/ark:/12148/btv1b84259980/canvas/f235|3850|5644
f236|113v|https://gallica.bnf.fr/iiif/ark:/12148/btv1b84259980/canvas/f236|3796|5650
f237|114r|https://gallica.bnf.fr/iiif/ark:/12148/btv1b84259980/canvas/f237|3828|5658
f238|114v|https://gallica.bnf.fr/iiif/ark:/12148/btv1b84259980/canvas/f238|3840|5625
f239|115r|https://gallica.bnf.fr/iiif/ark:/12148/btv1b84259980/canvas/f239|3828|5658
f240|115v|https://gallica.bnf.fr/iiif/ark:/12148/btv1b84259980/canvas/f240|3844|5607
f241|116r|https://gallica.bnf.fr/iiif/ark:/12148/btv1b84259980/canvas/f241|3828|5658
f242|116v|https://gallica.bnf.fr/iiif/ark:/12148/btv1b84259980/canvas/f242|3844|5634
f243|117r|https://gallica.bnf.fr/iiif/ark:/12148/btv1b84259980/canvas/f243|3828|5658
f244|117v|https://gallica.bnf.fr/iiif/ark:/12148/btv1b84259980/canvas/f244|3830|5614
f245|118r|https://gallica.bnf.fr/iiif/ark:/12148/btv1b84259980/canvas/f245|3828|5658
f246|118v|https://gallica.bnf.fr/iiif/ark:/12148/btv1b84259980/canvas/f246|3830|5614
f247|119r|https://gallica.bnf.fr/iiif/ark:/12148/btv1b84259980/canvas/f247|3799|5658
f248|119v|https://gallica.bnf.fr/iiif/ark:/12148/btv1b84259980/canvas/f248|3830|5614
f249|120r|https://gallica.bnf.fr/iiif/ark:/12148/btv1b84259980/canvas/f249|3842|5658
f250|120v|https://gallica.bnf.fr/iiif/ark:/12148/btv1b84259980/canvas/f250|3830|5614
f251|121r|https://gallica.bnf.fr/iiif/ark:/12148/btv1b84259980/canvas/f251|3842|5658
f252|121v|https://gallica.bnf.fr/iiif/ark:/12148/btv1b84259980/canvas/f252|3830|5641
f253|122r|https://gallica.bnf.fr/iiif/ark:/12148/btv1b84259980/canvas/f253|3823|5658
f254|122v|https://gallica.bnf.fr/iiif/ark:/12148/btv1b84259980/canvas/f254|3801|5631
f255|123r|https://gallica.bnf.fr/iiif/ark:/12148/btv1b84259980/canvas/f255|3823|5658
f256|123v|https://gallica.bnf.fr/iiif/ark:/12148/btv1b84259980/canvas/f256|3800|5596
f257|124r|https://gallica.bnf.fr/iiif/ark:/12148/btv1b84259980/canvas/f257|3823|5658
f258|124v|https://gallica.bnf.fr/iiif/ark:/12148/btv1b84259980/canvas/f258|3800|5596
f259|125r|https://gallica.bnf.fr/iiif/ark:/12148/btv1b84259980/canvas/f259|3823|5658
f260|125v|https://gallica.bnf.fr/iiif/ark:/12148/btv1b84259980/canvas/f260|3800|5596
f261|126r|https://gallica.bnf.fr/iiif/ark:/12148/btv1b84259980/canvas/f261|3823|5658
f262|126v|https://gallica.bnf.fr/iiif/ark:/12148/btv1b84259980/canvas/f262|3800|5596
f263|127r|https://gallica.bnf.fr/iiif/ark:/12148/btv1b84259980/canvas/f263|3823|5658
f264|127v|https://gallica.bnf.fr/iiif/ark:/12148/btv1b84259980/canvas/f264|3782|5610
f265|128r|https://gallica.bnf.fr/iiif/ark:/12148/btv1b84259980/canvas/f265|3836|5658
f266|128v|https://gallica.bnf.fr/iiif/ark:/12148/btv1b84259980/canvas/f266|3782|5610
f267|129r|https://gallica.bnf.fr/iiif/ark:/12148/btv1b84259980/canvas/f267|3836|5622
f268|129v|https://gallica.bnf.fr/iiif/ark:/12148/btv1b84259980/canvas/f268|3782|5590
f269|130r|https://gallica.bnf.fr/iiif/ark:/12148/btv1b84259980/canvas/f269|3836|5622
f270|130v|https://gallica.bnf.fr/iiif/ark:/12148/btv1b84259980/canvas/f270|3782|5610
f271|131r|https://gallica.bnf.fr/iiif/ark:/12148/btv1b84259980/canvas/f271|3836|5622
f272|131v|https://gallica.bnf.fr/iiif/ark:/12148/btv1b84259980/canvas/f272|3810|5610
f273|132r|https://gallica.bnf.fr/iiif/ark:/12148/btv1b84259980/canvas/f273|3836|5622
f274|132v|https://gallica.bnf.fr/iiif/ark:/12148/btv1b84259980/canvas/f274|3810|5610
f275|133r|https://gallica.bnf.fr/iiif/ark:/12148/btv1b84259980/canvas/f275|3836|5622
f276|133v|https://gallica.bnf.fr/iiif/ark:/12148/btv1b84259980/canvas/f276|3810|5610
f277|134r|https://gallica.bnf.fr/iiif/ark:/12148/btv1b84259980/canvas/f277|3836|5622
f278|134v|https://gallica.bnf.fr/iiif/ark:/12148/btv1b84259980/canvas/f278|3810|5610
f279|135r|https://gallica.bnf.fr/iiif/ark:/12148/btv1b84259980/canvas/f279|3809|5622
f280|135v|https://gallica.bnf.fr/iiif/ark:/12148/btv1b84259980/canvas/f280|3833|5571
f281|136r|https://gallica.bnf.fr/iiif/ark:/12148/btv1b84259980/canvas/f281|3832|5622
f282|136v|https://gallica.bnf.fr/iiif/ark:/12148/btv1b84259980/canvas/f282|3802|5580
f283|137r|https://gallica.bnf.fr/iiif/ark:/12148/btv1b84259980/canvas/f283|3782|5622
f284|137v|https://gallica.bnf.fr/iiif/ark:/12148/btv1b84259980/canvas/f284|3802|5580
f285|138r|https://gallica.bnf.fr/iiif/ark:/12148/btv1b84259980/canvas/f285|3862|5647
f286|138v|https://gallica.bnf.fr/iiif/ark:/12148/btv1b84259980/canvas/f286|3796|5593
f287|139r|https://gallica.bnf.fr/iiif/ark:/12148/btv1b84259980/canvas/f287|3862|5675
f288|139v|https://gallica.bnf.fr/iiif/ark:/12148/btv1b84259980/canvas/f288|3796|5593
f289|140r|https://gallica.bnf.fr/iiif/ark:/12148/btv1b84259980/canvas/f289|3862|5675
f290|140v|https://gallica.bnf.fr/iiif/ark:/12148/btv1b84259980/canvas/f290|3796|5593
f291|141r|https://gallica.bnf.fr/iiif/ark:/12148/btv1b84259980/canvas/f291|3862|5675
f292|141v|https://gallica.bnf.fr/iiif/ark:/12148/btv1b84259980/canvas/f292|3796|5609
f293|142r|https://gallica.bnf.fr/iiif/ark:/12148/btv1b84259980/canvas/f293|3862|5675
f294|142v|https://gallica.bnf.fr/iiif/ark:/12148/btv1b84259980/canvas/f294|3796|5609
f295|143r|https://gallica.bnf.fr/iiif/ark:/12148/btv1b84259980/canvas/f295|3862|5675
f296|143v|https://gallica.bnf.fr/iiif/ark:/12148/btv1b84259980/canvas/f296|3796|5609
f297|144r|https://gallica.bnf.fr/iiif/ark:/12148/btv1b84259980/canvas/f297|3850|5675
f298|144v|https://gallica.bnf.fr/iiif/ark:/12148/btv1b84259980/canvas/f298|3815|5609
f299|145r|https://gallica.bnf.fr/iiif/ark:/12148/btv1b84259980/canvas/f299|3839|5654
f300|145v|https://gallica.bnf.fr/iiif/ark:/12148/btv1b84259980/canvas/f300|3815|5609
f301|146r|https://gallica.bnf.fr/iiif/ark:/12148/btv1b84259980/canvas/f301|3839|5654
f302|146v|https://gallica.bnf.fr/iiif/ark:/12148/btv1b84259980/canvas/f302|3815|5609
f303|147r|https://gallica.bnf.fr/iiif/ark:/12148/btv1b84259980/canvas/f303|3839|5654
f304|147v|https://gallica.bnf.fr/iiif/ark:/12148/btv1b84259980/canvas/f304|3815|5609
f305|148r|https://gallica.bnf.fr/iiif/ark:/12148/btv1b84259980/canvas/f305|3839|5654
f306|148v|https://gallica.bnf.fr/iiif/ark:/12148/btv1b84259980/canvas/f306|3815|5609
f307|149r|https://gallica.bnf.fr/iiif/ark:/12148/btv1b84259980/canvas/f307|3839|5654
f308|149v|https://gallica.bnf.fr/iiif/ark:/12148/btv1b84259980/canvas/f308|3836|5588
f309|150r|https://gallica.bnf.fr/iiif/ark:/12148/btv1b84259980/canvas/f309|3839|5654
f310|150v|https://gallica.bnf.fr/iiif/ark:/12148/btv1b84259980/canvas/f310|3836|5588
f311|151r|https://gallica.bnf.fr/iiif/ark:/12148/btv1b84259980/canvas/f311|3839|5654
f312|151v|https://gallica.bnf.fr/iiif/ark:/12148/btv1b84259980/canvas/f312|3801|5588
f313|152r|https://gallica.bnf.fr/iiif/ark:/12148/btv1b84259980/canvas/f313|3839|5654
f314|152v|https://gallica.bnf.fr/iiif/ark:/12148/btv1b84259980/canvas/f314|3801|5588
f315|153r|https://gallica.bnf.fr/iiif/ark:/12148/btv1b84259980/canvas/f315|3839|5654
f316|153v|https://gallica.bnf.fr/iiif/ark:/12148/btv1b84259980/canvas/f316|3801|5588
f317|154r|https://gallica.bnf.fr/iiif/ark:/12148/btv1b84259980/canvas/f317|3868|5639
f318|154v|https://gallica.bnf.fr/iiif/ark:/12148/btv1b84259980/canvas/f318|3801|5588
f319|155r|https://gallica.bnf.fr/iiif/ark:/12148/btv1b84259980/canvas/f319|3845|5639
f320|155v|https://gallica.bnf.fr/iiif/ark:/12148/btv1b84259980/canvas/f320|3801|5588
f321|156r|https://gallica.bnf.fr/iiif/ark:/12148/btv1b84259980/canvas/f321|3887|5652
f322|156v|https://gallica.bnf.fr/iiif/ark:/12148/btv1b84259980/canvas/f322|3801|5588
f323|157r|https://gallica.bnf.fr/iiif/ark:/12148/btv1b84259980/canvas/f323|3887|5722
f324|157v|https://gallica.bnf.fr/iiif/ark:/12148/btv1b84259980/canvas/f324|3801|5588
f325|158r|https://gallica.bnf.fr/iiif/ark:/12148/btv1b84259980/canvas/f325|3851|5709
f326|158v|https://gallica.bnf.fr/iiif/ark:/12148/btv1b84259980/canvas/f326|3801|5588
f327|159r|https://gallica.bnf.fr/iiif/ark:/12148/btv1b84259980/canvas/f327|3851|5709
f328|159v|https://gallica.bnf.fr/iiif/ark:/12148/btv1b84259980/canvas/f328|3801|5603
f329|160r|https://gallica.bnf.fr/iiif/ark:/12148/btv1b84259980/canvas/f329|3851|5709
f330|160v|https://gallica.bnf.fr/iiif/ark:/12148/btv1b84259980/canvas/f330|3801|5603
f331|161r|https://gallica.bnf.fr/iiif/ark:/12148/btv1b84259980/canvas/f331|3851|5709
f332|161v|https://gallica.bnf.fr/iiif/ark:/12148/btv1b84259980/canvas/f332|3801|5603
f333|162r|https://gallica.bnf.fr/iiif/ark:/12148/btv1b84259980/canvas/f333|3820|5709
f334|162v|https://gallica.bnf.fr/iiif/ark:/12148/btv1b84259980/canvas/f334|3801|5603
f335|163r|https://gallica.bnf.fr/iiif/ark:/12148/btv1b84259980/canvas/f335|3820|5709
f336|163v|https://gallica.bnf.fr/iiif/ark:/12148/btv1b84259980/canvas/f336|3846|5603
f337|164r|https://gallica.bnf.fr/iiif/ark:/12148/btv1b84259980/canvas/f337|3856|5669
f338|164v|https://gallica.bnf.fr/iiif/ark:/12148/btv1b84259980/canvas/f338|3846|5603
f339|165r|https://gallica.bnf.fr/iiif/ark:/12148/btv1b84259980/canvas/f339|3856|5669
f340|165v|https://gallica.bnf.fr/iiif/ark:/12148/btv1b84259980/canvas/f340|3833|5603
f341|166r|https://gallica.bnf.fr/iiif/ark:/12148/btv1b84259980/canvas/f341|3856|5657
f342|166v|https://gallica.bnf.fr/iiif/ark:/12148/btv1b84259980/canvas/f342|3833|5603
f343|167r|https://gallica.bnf.fr/iiif/ark:/12148/btv1b84259980/canvas/f343|3856|5657
f344|167v|https://gallica.bnf.fr/iiif/ark:/12148/btv1b84259980/canvas/f344|3833|5603
f345|168r|https://gallica.bnf.fr/iiif/ark:/12148/btv1b84259980/canvas/f345|3856|5657
f346|168v|https://gallica.bnf.fr/iiif/ark:/12148/btv1b84259980/canvas/f346|3833|5603
f347|169r|https://gallica.bnf.fr/iiif/ark:/12148/btv1b84259980/canvas/f347|3856|5657
f348|169v|https://gallica.bnf.fr/iiif/ark:/12148/btv1b84259980/canvas/f348|3833|5603
f349|170r|https://gallica.bnf.fr/iiif/ark:/12148/btv1b84259980/canvas/f349|3856|5657
f350|170v|https://gallica.bnf.fr/iiif/ark:/12148/btv1b84259980/canvas/f350|3833|5603
f351|171r|https://gallica.bnf.fr/iiif/ark:/12148/btv1b84259980/canvas/f351|3856|5657
f352|171v|https://gallica.bnf.fr/iiif/ark:/12148/btv1b84259980/canvas/f352|3833|5603
f353|172r|https://gallica.bnf.fr/iiif/ark:/12148/btv1b84259980/canvas/f353|3829|5657
f354|172v|https://gallica.bnf.fr/iiif/ark:/12148/btv1b84259980/canvas/f354|3833|5603
f355|173r|https://gallica.bnf.fr/iiif/ark:/12148/btv1b84259980/canvas/f355|3834|5696
f356|173v|https://gallica.bnf.fr/iiif/ark:/12148/btv1b84259980/canvas/f356|3833|5603
f357|174r|https://gallica.bnf.fr/iiif/ark:/12148/btv1b84259980/canvas/f357|3834|5696
f358|174v|https://gallica.bnf.fr/iiif/ark:/12148/btv1b84259980/canvas/f358|3833|5603
f359|175r|https://gallica.bnf.fr/iiif/ark:/12148/btv1b84259980/canvas/f359|3834|5696
f360|175v|https://gallica.bnf.fr/iiif/ark:/12148/btv1b84259980/canvas/f360|3833|5603
f361|176r|https://gallica.bnf.fr/iiif/ark:/12148/btv1b84259980/canvas/f361|3834|5696
f362|176v|https://gallica.bnf.fr/iiif/ark:/12148/btv1b84259980/canvas/f362|3833|5603
f363|177r|https://gallica.bnf.fr/iiif/ark:/12148/btv1b84259980/canvas/f363|3834|5696
f364|177v|https://gallica.bnf.fr/iiif/ark:/12148/btv1b84259980/canvas/f364|3833|5603
f365|178r|https://gallica.bnf.fr/iiif/ark:/12148/btv1b84259980/canvas/f365|3834|5696
f366|178v|https://gallica.bnf.fr/iiif/ark:/12148/btv1b84259980/canvas/f366|3833|5603
f367|179r|https://gallica.bnf.fr/iiif/ark:/12148/btv1b84259980/canvas/f367|3828|5696
f368|179v|https://gallica.bnf.fr/iiif/ark:/12148/btv1b84259980/canvas/f368|3833|5603
f369|180r|https://gallica.bnf.fr/iiif/ark:/12148/btv1b84259980/canvas/f369|3802|5696
f370|180v|https://gallica.bnf.fr/iiif/ark:/12148/btv1b84259980/canvas/f370|3833|5603
f371|181r|https://gallica.bnf.fr/iiif/ark:/12148/btv1b84259980/canvas/f371|3833|5696
f372|181v|https://gallica.bnf.fr/iiif/ark:/12148/btv1b84259980/canvas/f372|3833|5603
f373|182r|https://gallica.bnf.fr/iiif/ark:/12148/btv1b84259980/canvas/f373|3808|5680
f374|182v|https://gallica.bnf.fr/iiif/ark:/12148/btv1b84259980/canvas/f374|3833|5603
f375|183r|https://gallica.bnf.fr/iiif/ark:/12148/btv1b84259980/canvas/f375|3808|5680
f376|183v|https://gallica.bnf.fr/iiif/ark:/12148/btv1b84259980/canvas/f376|3833|5603
f377|184r|https://gallica.bnf.fr/iiif/ark:/12148/btv1b84259980/canvas/f377|3808|5680
f378|184v|https://gallica.bnf.fr/iiif/ark:/12148/btv1b84259980/canvas/f378|3833|5603
f379|185r|https://gallica.bnf.fr/iiif/ark:/12148/btv1b84259980/canvas/f379|3850|5649
f380|185v|https://gallica.bnf.fr/iiif/ark:/12148/btv1b84259980/canvas/f380|3833|5603
f381|186r|https://gallica.bnf.fr/iiif/ark:/12148/btv1b84259980/canvas/f381|3850|5649
f382|186v|https://gallica.bnf.fr/iiif/ark:/12148/btv1b84259980/canvas/f382|3833|5603
f383|187r|https://gallica.bnf.fr/iiif/ark:/12148/btv1b84259980/canvas/f383|3819|5696
f384|187v|https://gallica.bnf.fr/iiif/ark:/12148/btv1b84259980/canvas/f384|3833|5603
f385|188r|https://gallica.bnf.fr/iiif/ark:/12148/btv1b84259980/canvas/f385|3819|5696
f386|188v|https://gallica.bnf.fr/iiif/ark:/12148/btv1b84259980/canvas/f386|3833|5603
f387|189r|https://gallica.bnf.fr/iiif/ark:/12148/btv1b84259980/canvas/f387|3837|5671
f388|189v|https://gallica.bnf.fr/iiif/ark:/12148/btv1b84259980/canvas/f388|3833|5603
f389|190r|https://gallica.bnf.fr/iiif/ark:/12148/btv1b84259980/canvas/f389|3814|5647
f390|190v|https://gallica.bnf.fr/iiif/ark:/12148/btv1b84259980/canvas/f390|3833|5603
f391|191r|https://gallica.bnf.fr/iiif/ark:/12148/btv1b84259980/canvas/f391|3814|5647
f392|191v|https://gallica.bnf.fr/iiif/ark:/12148/btv1b84259980/canvas/f392|3833|5603
f393|192r|https://gallica.bnf.fr/iiif/ark:/12148/btv1b84259980/canvas/f393|3785|5647
f394|192v|https://gallica.bnf.fr/iiif/ark:/12148/btv1b84259980/canvas/f394|3833|5603
f395|193r|https://gallica.bnf.fr/iiif/ark:/12148/btv1b84259980/canvas/f395|3785|5703
f396|193v|https://gallica.bnf.fr/iiif/ark:/12148/btv1b84259980/canvas/f396|3833|5603
f397|194r|https://gallica.bnf.fr/iiif/ark:/12148/btv1b84259980/canvas/f397|3798|5658
f398|194v|https://gallica.bnf.fr/iiif/ark:/12148/btv1b84259980/canvas/f398|3833|5603
f399|195r|https://gallica.bnf.fr/iiif/ark:/12148/btv1b84259980/canvas/f399|3792|5648
f400|195v|https://gallica.bnf.fr/iiif/ark:/12148/btv1b84259980/canvas/f400|3833|5603
f401|196r|https://gallica.bnf.fr/iiif/ark:/12148/btv1b84259980/canvas/f401|3795|5648
f402|196v|https://gallica.bnf.fr/iiif/ark:/12148/btv1b84259980/canvas/f402|3833|5603
f403|197r|https://gallica.bnf.fr/iiif/ark:/12148/btv1b84259980/canvas/f403|3795|5656
f404|197v|https://gallica.bnf.fr/iiif/ark:/12148/btv1b84259980/canvas/f404|3812|5603
f405|198r|https://gallica.bnf.fr/iiif/ark:/12148/btv1b84259980/canvas/f405|3795|5656
f406|198v|https://gallica.bnf.fr/iiif/ark:/12148/btv1b84259980/canvas/f406|3833|5603
f407|199r|https://gallica.bnf.fr/iiif/ark:/12148/btv1b84259980/canvas/f407|3795|5656
f408|199v|https://gallica.bnf.fr/iiif/ark:/12148/btv1b84259980/canvas/f408|3833|5603
f409|200r|https://gallica.bnf.fr/iiif/ark:/12148/btv1b84259980/canvas/f409|3795|5656
f410|200v|https://gallica.bnf.fr/iiif/ark:/12148/btv1b84259980/canvas/f410|3833|5603
f411|201r|https://gallica.bnf.fr/iiif/ark:/12148/btv1b84259980/canvas/f411|3795|5656
f412|201v|https://gallica.bnf.fr/iiif/ark:/12148/btv1b84259980/canvas/f412|3833|5603
f413|202r|https://gallica.bnf.fr/iiif/ark:/12148/btv1b84259980/canvas/f413|3795|5656
f414|202v|https://gallica.bnf.fr/iiif/ark:/12148/btv1b84259980/canvas/f414|3833|5603
f415|203r|https://gallica.bnf.fr/iiif/ark:/12148/btv1b84259980/canvas/f415|3795|5652
f416|203v|https://gallica.bnf.fr/iiif/ark:/12148/btv1b84259980/canvas/f416|3833|5603
f417|204r|https://gallica.bnf.fr/iiif/ark:/12148/btv1b84259980/canvas/f417|3795|5652
f418|204v|https://gallica.bnf.fr/iiif/ark:/12148/btv1b84259980/canvas/f418|3833|5603
f419|205r|https://gallica.bnf.fr/iiif/ark:/12148/btv1b84259980/canvas/f419|3773|5632
f420|205v|https://gallica.bnf.fr/iiif/ark:/12148/btv1b84259980/canvas/f420|3833|5603
f421|206r|https://gallica.bnf.fr/iiif/ark:/12148/btv1b84259980/canvas/f421|3773|5654
f422|206v|https://gallica.bnf.fr/iiif/ark:/12148/btv1b84259980/canvas/f422|3833|5603
f423|207r|https://gallica.bnf.fr/iiif/ark:/12148/btv1b84259980/canvas/f423|3752|5654
f424|207v|https://gallica.bnf.fr/iiif/ark:/12148/btv1b84259980/canvas/f424|3833|5603
f425|208r|https://gallica.bnf.fr/iiif/ark:/12148/btv1b84259980/canvas/f425|3792|5631
f426|208v|https://gallica.bnf.fr/iiif/ark:/12148/btv1b84259980/canvas/f426|3833|5603
f427|209r|https://gallica.bnf.fr/iiif/ark:/12148/btv1b84259980/canvas/f427|3771|5631
f428|209v|https://gallica.bnf.fr/iiif/ark:/12148/btv1b84259980/canvas/f428|3833|5603
f429|210r|https://gallica.bnf.fr/iiif/ark:/12148/btv1b84259980/canvas/f429|3771|5631
f430|210v|https://gallica.bnf.fr/iiif/ark:/12148/btv1b84259980/canvas/f430|3833|5603
f431|211r|https://gallica.bnf.fr/iiif/ark:/12148/btv1b84259980/canvas/f431|3771|5631
f432|211v|https://gallica.bnf.fr/iiif/ark:/12148/btv1b84259980/canvas/f432|3833|5644
f433|212r|https://gallica.bnf.fr/iiif/ark:/12148/btv1b84259980/canvas/f433|3709|5694
f434|212v|https://gallica.bnf.fr/iiif/ark:/12148/btv1b84259980/canvas/f434|3848|5644
f435|213r|https://gallica.bnf.fr/iiif/ark:/12148/btv1b84259980/canvas/f435|3794|5694
f436|213v|https://gallica.bnf.fr/iiif/ark:/12148/btv1b84259980/canvas/f436|3801|5644
f437|214r|https://gallica.bnf.fr/iiif/ark:/12148/btv1b84259980/canvas/f437|3794|5694
f438|214v|https://gallica.bnf.fr/iiif/ark:/12148/btv1b84259980/canvas/f438|3801|5644
f439|215r|https://gallica.bnf.fr/iiif/ark:/12148/btv1b84259980/canvas/f439|3794|5694
f440|215v|https://gallica.bnf.fr/iiif/ark:/12148/btv1b84259980/canvas/f440|3832|5636
f441|216r|https://gallica.bnf.fr/iiif/ark:/12148/btv1b84259980/canvas/f441|3818|5694
f442|216v|https://gallica.bnf.fr/iiif/ark:/12148/btv1b84259980/canvas/f442|3832|5636
f443|217r|https://gallica.bnf.fr/iiif/ark:/12148/btv1b84259980/canvas/f443|3818|5694
f444|217v|https://gallica.bnf.fr/iiif/ark:/12148/btv1b84259980/canvas/f444|3832|5636
f445|218r|https://gallica.bnf.fr/iiif/ark:/12148/btv1b84259980/canvas/f445|3762|5760
f446|218v|https://gallica.bnf.fr/iiif/ark:/12148/btv1b84259980/canvas/f446|3832|5636
f447|219r|https://gallica.bnf.fr/iiif/ark:/12148/btv1b84259980/canvas/f447|3820|5712
f448|219v|https://gallica.bnf.fr/iiif/ark:/12148/btv1b84259980/canvas/f448|3832|5636
f449|220r|https://gallica.bnf.fr/iiif/ark:/12148/btv1b84259980/canvas/f449|3862|5712
f450|220v|https://gallica.bnf.fr/iiif/ark:/12148/btv1b84259980/canvas/f450|3832|5636
f451|221r|https://gallica.bnf.fr/iiif/ark:/12148/btv1b84259980/canvas/f451|3832|5707
f452|221v|https://gallica.bnf.fr/iiif/ark:/12148/btv1b84259980/canvas/f452|3855|5636
f453|222r|https://gallica.bnf.fr/iiif/ark:/12148/btv1b84259980/canvas/f453|3873|5662
f454|222v|https://gallica.bnf.fr/iiif/ark:/12148/btv1b84259980/canvas/f454|3855|5636
f455|223r|https://gallica.bnf.fr/iiif/ark:/12148/btv1b84259980/canvas/f455|3846|5662
f456|223v|https://gallica.bnf.fr/iiif/ark:/12148/btv1b84259980/canvas/f456|3855|5636
f457|224r|https://gallica.bnf.fr/iiif/ark:/12148/btv1b84259980/canvas/f457|3847|5640
f458|224v|https://gallica.bnf.fr/iiif/ark:/12148/btv1b84259980/canvas/f458|3855|5636
f459|225r|https://gallica.bnf.fr/iiif/ark:/12148/btv1b84259980/canvas/f459|3863|5640
f460|225v|https://gallica.bnf.fr/iiif/ark:/12148/btv1b84259980/canvas/f460|3855|5636
f461|226r|https://gallica.bnf.fr/iiif/ark:/12148/btv1b84259980/canvas/f461|3848|5684
f462|226v|https://gallica.bnf.fr/iiif/ark:/12148/btv1b84259980/canvas/f462|3855|5636
f463|227r|https://gallica.bnf.fr/iiif/ark:/12148/btv1b84259980/canvas/f463|3848|5684
f464|227v|https://gallica.bnf.fr/iiif/ark:/12148/btv1b84259980/canvas/f464|3860|5675
f465|228r|https://gallica.bnf.fr/iiif/ark:/12148/btv1b84259980/canvas/f465|3841|5664
f466|228v|https://gallica.bnf.fr/iiif/ark:/12148/btv1b84259980/canvas/f466|3860|5637
f467|229r|https://gallica.bnf.fr/iiif/ark:/12148/btv1b84259980/canvas/f467|3841|5664
f468|229v|https://gallica.bnf.fr/iiif/ark:/12148/btv1b84259980/canvas/f468|3860|5650
f469|230r|https://gallica.bnf.fr/iiif/ark:/12148/btv1b84259980/canvas/f469|3850|5688
f470|230v|https://gallica.bnf.fr/iiif/ark:/12148/btv1b84259980/canvas/f470|3860|5650
f471|231r|https://gallica.bnf.fr/iiif/ark:/12148/btv1b84259980/canvas/f471|3867|5688
f472|231v|https://gallica.bnf.fr/iiif/ark:/12148/btv1b84259980/canvas/f472|3860|5669
f473|232r|https://gallica.bnf.fr/iiif/ark:/12148/btv1b84259980/canvas/f473|3877|5713
f474|232v|https://gallica.bnf.fr/iiif/ark:/12148/btv1b84259980/canvas/f474|3860|5669
f475|233r|https://gallica.bnf.fr/iiif/ark:/12148/btv1b84259980/canvas/f475|3875|5675
f476|233v|https://gallica.bnf.fr/iiif/ark:/12148/btv1b84259980/canvas/f476|3860|5669
f477|234r|https://gallica.bnf.fr/iiif/ark:/12148/btv1b84259980/canvas/f477|3905|5672
f478|234v|https://gallica.bnf.fr/iiif/ark:/12148/btv1b84259980/canvas/f478|3860|5669
f479|235r|https://gallica.bnf.fr/iiif/ark:/12148/btv1b84259980/canvas/f479|3887|5672
f480|235v|https://gallica.bnf.fr/iiif/ark:/12148/btv1b84259980/canvas/f480|3872|5669
f481|236r|https://gallica.bnf.fr/iiif/ark:/12148/btv1b84259980/canvas/f481|3909|5640
f482|236v|https://gallica.bnf.fr/iiif/ark:/12148/btv1b84259980/canvas/f482|3860|5669
f483|237r|https://gallica.bnf.fr/iiif/ark:/12148/btv1b84259980/canvas/f483|3909|5640
f484|237v|https://gallica.bnf.fr/iiif/ark:/12148/btv1b84259980/canvas/f484|3889|5669
f485|238r|https://gallica.bnf.fr/iiif/ark:/12148/btv1b84259980/canvas/f485|3909|5640
f486|238v|https://gallica.bnf.fr/iiif/ark:/12148/btv1b84259980/canvas/f486|3873|5669
f487|239r|https://gallica.bnf.fr/iiif/ark:/12148/btv1b84259980/canvas/f487|3909|5640
f488|239v|https://gallica.bnf.fr/iiif/ark:/12148/btv1b84259980/canvas/f488|3873|5669
f489|240r|https://gallica.bnf.fr/iiif/ark:/12148/btv1b84259980/canvas/f489|3909|5640
f490|240v|https://gallica.bnf.fr/iiif/ark:/12148/btv1b84259980/canvas/f490|3873|5669
f491|241r|https://gallica.bnf.fr/iiif/ark:/12148/btv1b84259980/canvas/f491|3792|5681
f492|241v|https://gallica.bnf.fr/iiif/ark:/12148/btv1b84259980/canvas/f492|3859|5669
f493|242r|https://gallica.bnf.fr/iiif/ark:/12148/btv1b84259980/canvas/f493|3911|5640
f494|242v|https://gallica.bnf.fr/iiif/ark:/12148/btv1b84259980/canvas/f494|3859|5669
f495|243r|https://gallica.bnf.fr/iiif/ark:/12148/btv1b84259980/canvas/f495|3757|5720
f496|243v|https://gallica.bnf.fr/iiif/ark:/12148/btv1b84259980/canvas/f496|3859|5669
f497|244r|https://gallica.bnf.fr/iiif/ark:/12148/btv1b84259980/canvas/f497|3833|5696
f498|244v|https://gallica.bnf.fr/iiif/ark:/12148/btv1b84259980/canvas/f498|3859|5669
f499|245r|https://gallica.bnf.fr/iiif/ark:/12148/btv1b84259980/canvas/f499|3814|5674
f500|245v|https://gallica.bnf.fr/iiif/ark:/12148/btv1b84259980/canvas/f500|3836|5644
f501|page de garde recto|https://gallica.bnf.fr/iiif/ark:/12148/btv1b84259980/canvas/f501|3939|5630
f502|page de garde verso|https://gallica.bnf.fr/iiif/ark:/12148/btv1b84259980/canvas/f502|3876|5628
f503|page de garde recto|https://gallica.bnf.fr/iiif/ark:/12148/btv1b84259980/canvas/f503|3939|5630
f504|page de garde verso|https://gallica.bnf.fr/iiif/ark:/12148/btv1b84259980/canvas/f504|3888|5628
f505|page de garde recto|https://gallica.bnf.fr/iiif/ark:/12148/btv1b84259980/canvas/f505|3939|5630
f506|page de garde verso|https://gallica.bnf.fr/iiif/ark:/12148/btv1b84259980/canvas/f506|3951|5628
f507|page de garde recto|https://gallica.bnf.fr/iiif/ark:/12148/btv1b84259980/canvas/f507|3960|5630
f508|page de garde verso|https://gallica.bnf.fr/iiif/ark:/12148/btv1b84259980/canvas/f508|3951|5628
f509|contreplat inf.|https://gallica.bnf.fr/iiif/ark:/12148/btv1b84259980/canvas/f509|4154|5716
f510|plat inférieur.|https://gallica.bnf.fr/iiif/ark:/12148/btv1b84259980/canvas/f510|4256|5805
f511|dos|https://gallica.bnf.fr/iiif/ark:/12148/btv1b84259980/canvas/f511|1173|5666
f512|tranche supérieure|https://gallica.bnf.fr/iiif/ark:/12148/btv1b84259980/canvas/f512|4297|1692
f513|gouttière|https://gallica.bnf.fr/iiif/ark:/12148/btv1b84259980/canvas/f513|1620|5651
f514|tranche inférieure|https://gallica.bnf.fr/iiif/ark:/12148/btv1b84259980/canvas/f514|4273|1608
